{"train_loss": 0.5088278422713279, "_timestamp": 1719036425.9818707, "test_loss": 0.5255239928483963, "test_acc": 0.8162, "_runtime": 837.1434855461121, "_step": 8}