{"train_loss": 0.9722365997433663, "_timestamp": 1719037371.0587223, "test_loss": 0.9698040402412414, "test_acc": 0.6628, "_runtime": 330.86480832099915, "_step": 18}